antecedents,consequents,antecedent support,consequent support,support,confidence,lift,representativity,leverage,conviction,zhangs_metric,jaccard,certainty,kulczynski
frozenset({np.str_('Bananas')}),"frozenset({np.str_('Apples'), np.str_('Coffee')})",0.3092635212888377,0.09867663981588032,0.03481012658227848,0.11255813953488372,1.1406766560444777,1.0,0.004293041483869005,1.0156421511508686,0.1785447523586936,0.09329221279876639,0.015401242586420628,0.23266390941758763
"frozenset({np.str_('Apples'), np.str_('Coffee')})",frozenset({np.str_('Bananas')}),0.09867663981588032,0.3092635212888377,0.03481012658227848,0.3527696793002915,1.1406766560444777,1.0,0.004293041483869005,1.0672189738645435,0.13682922132563782,0.09329221279876639,0.06298517503032629,0.23266390941758763
frozenset({np.str_('Bread')}),"frozenset({np.str_('Juice'), np.str_('Butter')})",0.29516685845799767,0.07968929804372843,0.026467203682393557,0.08966861598440547,1.1252278309090014,1.0,0.002945563926103175,1.0109622914423282,0.1578970718722271,0.07597027250206442,0.01084342268264876,0.2108992899416612
"frozenset({np.str_('Juice'), np.str_('Butter')})",frozenset({np.str_('Bread')}),0.07968929804372843,0.29516685845799767,0.026467203682393557,0.33212996389891697,1.1252278309090014,1.0,0.002945563926103175,1.0553447578764037,0.1209277355695394,0.07597027250206442,0.05244234878066754,0.2108992899416612
"frozenset({np.str_('Bananas'), np.str_('Coffee')})",frozenset({np.str_('Apples')}),0.09838895281933256,0.3147295742232451,0.03481012658227848,0.3538011695906433,1.1241433871088446,1.0,0.003844213353178992,1.0604637358174218,0.12248492935387412,0.09201520912547528,0.05701631632958693,0.23220223013353006
frozenset({np.str_('Apples')}),"frozenset({np.str_('Bananas'), np.str_('Coffee')})",0.3147295742232451,0.09838895281933256,0.03481012658227848,0.11060329067641682,1.1241433871088446,1.0,0.003844213353178992,1.0137332842915212,0.16115355524560934,0.09201520912547528,0.013547236244806917,0.23220223013353006
frozenset({np.str_('Tea')}),"frozenset({np.str_('Cheese'), np.str_('Apples')})",0.2940161104718067,0.09551208285385501,0.03135788262370541,0.10665362035225048,1.1166505552542851,1.0,0.003275791519954021,1.0124716881964513,0.14797036106562575,0.08755020080321285,0.012318061178251481,0.2174834366821493
"frozenset({np.str_('Cheese'), np.str_('Apples')})",frozenset({np.str_('Tea')}),0.09551208285385501,0.2940161104718067,0.03135788262370541,0.32831325301204817,1.1166505552542851,1.0,0.003275791519954021,1.0510612166966824,0.11549594976305523,0.08755020080321285,0.04858063059082287,0.2174834366821493
"frozenset({np.str_('Cheese'), np.str_('Tea')})",frozenset({np.str_('Apples')}),0.08947065592635213,0.3147295742232451,0.03135788262370541,0.3504823151125402,1.1135982882369193,1.0,0.003198821178530143,1.0550450614681721,0.1120338565444875,0.08410493827160495,0.05217318527757755,0.22505834219978016
frozenset({np.str_('Apples')}),"frozenset({np.str_('Cheese'), np.str_('Tea')})",0.3147295742232451,0.08947065592635213,0.03135788262370541,0.09963436928702012,1.1135982882369193,1.0,0.003198821178530143,1.0112884288493103,0.14886110661767546,0.08410493827160495,0.011162422635602503,0.22505834219978016
"frozenset({np.str_('Bananas'), np.str_('Butter')})",frozenset({np.str_('Milk')}),0.08630609896432681,0.31329113924050633,0.02991944764096663,0.3466666666666667,1.1065319865319865,1.0,0.002880511573028797,1.0510849909584088,0.10536959891493894,0.08093385214007782,0.04860215053763442,0.22108356290174472
frozenset({np.str_('Milk')}),"frozenset({np.str_('Bananas'), np.str_('Butter')})",0.31329113924050633,0.08630609896432681,0.02991944764096663,0.09550045913682277,1.1065319865319865,1.0,0.002880511573028797,1.0101651352566985,0.14019851116625304,0.08093385214007782,0.010062845075439534,0.22108356290174472
"frozenset({np.str_('Apples'), np.str_('Tea')})",frozenset({np.str_('Cheese')}),0.09464902186421174,0.29948216340621403,0.03135788262370541,0.331306990881459,1.1062661866512502,1.0,0.003012188791529223,1.0475925829061619,0.10610075709209002,0.08643933386201429,0.04543043133632504,0.21800700168472564
frozenset({np.str_('Cheese')}),"frozenset({np.str_('Apples'), np.str_('Tea')})",0.29948216340621403,0.09464902186421174,0.03135788262370541,0.10470701248799233,1.1062661866512502,1.0,0.003012188791529223,1.0112343006860038,0.13712487990505431,0.08643933386201429,0.01110949329782692,0.21800700168472564
frozenset({np.str_('Bananas')}),"frozenset({np.str_('Eggs'), np.str_('Coffee')})",0.3092635212888377,0.09148446490218642,0.030782508630609898,0.09953488372093025,1.0879976597923067,1.0,0.0024897008717346403,1.008940289493956,0.11709295581669647,0.08320373250388803,0.008861068972119551,0.21800643557115695
"frozenset({np.str_('Eggs'), np.str_('Coffee')})",frozenset({np.str_('Bananas')}),0.09148446490218642,0.3092635212888377,0.030782508630609898,0.33647798742138363,1.0879976597923067,1.0,0.0024897008717346403,1.0410151669675338,0.08902475836475245,0.08320373250388803,0.039399202114422986,0.21800643557115695
"frozenset({np.str_('Bananas'), np.str_('Apples')})",frozenset({np.str_('Coffee')}),0.10097813578826237,0.3173187571921749,0.03481012658227848,0.34472934472934474,1.0863818697000929,1.0,0.0027678700303643833,1.0418309401110721,0.08844429752066109,0.09077269317329333,0.04015137053485141,0.22721508034291354
frozenset({np.str_('Coffee')}),"frozenset({np.str_('Bananas'), np.str_('Apples')})",0.3173187571921749,0.10097813578826237,0.03481012658227848,0.10970081595648232,1.0863818697000927,1.0,0.0027678700303643833,1.0097974706981125,0.11647215750192409,0.09077269317329333,0.009702411604714413,0.22721508034291354
frozenset({np.str_('Milk')}),"frozenset({np.str_('Eggs'), np.str_('Juice')})",0.31329113924050633,0.08342922899884925,0.02819332566168009,0.08999081726354453,1.0786485545106235,1.0,0.0020556874626735215,1.0072104637944028,0.10617887708078619,0.07650273224043716,0.007158845200276464,0.21396092587315158
"frozenset({np.str_('Eggs'), np.str_('Juice')})",frozenset({np.str_('Milk')}),0.08342922899884925,0.31329113924050633,0.02819332566168009,0.33793103448275863,1.0786485545106235,1.0,0.0020556874626735215,1.0372165084388185,0.07955084105205167,0.07650273224043716,0.03588113777212777,0.21396092587315158
"frozenset({np.str_('Cheese'), np.str_('Butter')})",frozenset({np.str_('Bread')}),0.07968929804372843,0.29516685845799767,0.02531645569620253,0.31768953068592054,1.0763048817390448,1.0,0.0017948159399121498,1.0330094190853685,0.0770340163119156,0.07242798353909466,0.03195461578133056,0.20172975559637157
frozenset({np.str_('Bread')}),"frozenset({np.str_('Cheese'), np.str_('Butter')})",0.29516685845799767,0.07968929804372843,0.02531645569620253,0.08576998050682262,1.0763048817390448,1.0,0.0017948159399121498,1.0066511516067533,0.1005844155844155,0.07242798353909466,0.006607206077435265,0.20172975559637157
"frozenset({np.str_('Milk'), np.str_('Apples')})",frozenset({np.str_('Bananas')}),0.09867663981588032,0.3092635212888377,0.03279631760644419,0.3323615160349855,1.0746870974303346,1.0,0.0022792325080347176,1.0345965598162825,0.0771050671684,0.0874233128834356,0.033439662531282645,0.21920401383144625
frozenset({np.str_('Bananas')}),"frozenset({np.str_('Milk'), np.str_('Apples')})",0.3092635212888377,0.09867663981588032,0.03279631760644419,0.106046511627907,1.0746870974303346,1.0,0.0022792325080347176,1.0082441334005503,0.1006123179669293,0.0874233128834356,0.008176723402044285,0.21920401383144625
frozenset({np.str_('Tea')}),"frozenset({np.str_('Juice'), np.str_('Butter')})",0.2940161104718067,0.07968929804372843,0.025028768699654775,0.08512720156555773,1.068238818201728,1.0,0.0015988312426091882,1.005943890266641,0.09048328321576761,0.07178217821782178,0.005908769190959248,0.19960331197411457
"frozenset({np.str_('Juice'), np.str_('Butter')})",frozenset({np.str_('Tea')}),0.07968929804372843,0.2940161104718067,0.025028768699654775,0.31407942238267145,1.0682388182017277,1.0,0.0015988312426091882,1.0292501968384713,0.06941105877195804,0.07178217821782178,0.028418937327695945,0.19960331197411457
frozenset({np.str_('Apples')}),"frozenset({np.str_('Bananas'), np.str_('Cheese')})",0.3147295742232451,0.0883199079401611,0.029631760644418872,0.09414990859232175,1.0660100399573629,1.0,0.001834873622975762,1.006435944211366,0.09036218238732235,0.07935285053929123,0.006394787714392681,0.21482739729290354
"frozenset({np.str_('Bananas'), np.str_('Cheese')})",frozenset({np.str_('Apples')}),0.0883199079401611,0.3147295742232451,0.029631760644418872,0.3355048859934853,1.0660100399573629,1.0,0.001834873622975762,1.0312648074189399,0.06792133747131646,0.07935285053929123,0.030316953699981115,0.21482739729290354
frozenset({np.str_('Butter')}),frozenset({np.str_('Bread')}),0.28970080552359034,0.29516685845799767,0.09090909090909091,0.3138033763654419,1.0631389242166436,1.0,0.0053990142499414084,1.0271591512775637,0.08361146571922223,0.18404193360512527,0.026441035202561716,0.3108977895472434
frozenset({np.str_('Bread')}),frozenset({np.str_('Butter')}),0.29516685845799767,0.28970080552359034,0.09090909090909091,0.3079922027290449,1.0631389242166434,1.0,0.0053990142499414084,1.0264323570884457,0.08425988116765701,0.18404193360512527,0.025751679500267292,0.3108977895472434
"frozenset({np.str_('Bananas'), np.str_('Milk')})",frozenset({np.str_('Apples')}),0.0981012658227848,0.3147295742232451,0.03279631760644419,0.33431085043988273,1.0622161939022234,1.0,0.0019209479832777432,1.0294150448893102,0.06494305940289335,0.0862982588947767,0.028574523983640812,0.21925780181957574
frozenset({np.str_('Apples')}),"frozenset({np.str_('Bananas'), np.str_('Milk')})",0.3147295742232451,0.0981012658227848,0.03279631760644419,0.10420475319926875,1.0622161939022234,1.0,0.0019209479832777432,1.006813484887626,0.08547291823176771,0.0862982588947767,0.006767375477083954,0.21925780181957574
"frozenset({np.str_('Eggs'), np.str_('Apples')})",frozenset({np.str_('Bananas')}),0.08947065592635213,0.3092635212888377,0.029344073647871116,0.3279742765273312,1.0605010094967473,1.0,0.0016740635440654385,1.0278423199960358,0.06265526747823935,0.07943925233644861,0.027088123785507415,0.21142899872878188
frozenset({np.str_('Bananas')}),"frozenset({np.str_('Eggs'), np.str_('Apples')})",0.3092635212888377,0.08947065592635213,0.029344073647871116,0.09488372093023256,1.0605010094967473,1.0,0.0016740635440654385,1.0059805188891793,0.0825922205616941,0.07943925233644861,0.005944964914214339,0.21142899872878188
"frozenset({np.str_('Milk'), np.str_('Eggs')})",frozenset({np.str_('Juice')}),0.09263521288837745,0.2885500575373993,0.02819332566168009,0.3043478260869565,1.0547487970869998,1.0,0.0014634296527495441,1.0227092922899885,0.05720626868375751,0.07986960065199673,0.022205031734031832,0.20102735272443537
frozenset({np.str_('Juice')}),"frozenset({np.str_('Milk'), np.str_('Eggs')})",0.2885500575373993,0.09263521288837745,0.02819332566168009,0.09770687936191425,1.0547487970869998,1.0,0.0014634296527495441,1.0056208635060304,0.07295938998324757,0.07986960065199673,0.005589445993029137,0.20102735272443537
frozenset({np.str_('Bananas')}),"frozenset({np.str_('Milk'), np.str_('Butter')})",0.3092635212888377,0.09177215189873418,0.02991944764096663,0.09674418604651164,1.054178027265437,1.0,0.0015376687885100028,1.0055045692161284,0.07440409444782636,0.08062015503875969,0.005474434810793298,0.21138149741197054
"frozenset({np.str_('Milk'), np.str_('Butter')})",frozenset({np.str_('Bananas')}),0.09177215189873418,0.3092635212888377,0.02991944764096663,0.32601880877742945,1.054178027265437,1.0,0.0015376687885100028,1.0248601707388871,0.05658670597694999,0.08062015503875969,0.02425713424004367,0.21138149741197054
frozenset({np.str_('Butter')}),"frozenset({np.str_('Milk'), np.str_('Bananas')})",0.28970080552359034,0.0981012658227848,0.02991944764096663,0.10327706057596822,1.0527597142582568,1.0,0.0014994319092220092,1.0057718995752556,0.07055565940742135,0.08360128617363345,0.005738775936863015,0.204131198909685
"frozenset({np.str_('Milk'), np.str_('Bananas')})",frozenset({np.str_('Butter')}),0.0981012658227848,0.28970080552359034,0.02991944764096663,0.30498533724340177,1.0527597142582568,1.0,0.0014994319092220092,1.0219916680019228,0.055566801619433275,0.08360128617363345,0.02151844157880296,0.204131198909685
frozenset({np.str_('Eggs')}),"frozenset({np.str_('Bananas'), np.str_('Coffee')})",0.2974683544303797,0.09838895281933256,0.030782508630609898,0.10348162475822052,1.0517606071917385,1.0,0.0015149087413147723,1.00568049922849,0.07005135977098623,0.0843183609141056,0.005648413420413067,0.20817356091712197
"frozenset({np.str_('Bananas'), np.str_('Coffee')})",frozenset({np.str_('Eggs')}),0.09838895281933256,0.2974683544303797,0.030782508630609898,0.3128654970760234,1.0517606071917383,1.0,0.0015149087413147723,1.022407756531107,0.05458373342716923,0.0843183609141056,0.021916653495600916,0.20817356091712197
frozenset({np.str_('Butter')}),"frozenset({np.str_('Bread'), np.str_('Tea')})",0.28970080552359034,0.08227848101265822,0.025028768699654775,0.08639523336643495,1.0500343747612864,1.0,0.001192626473030256,1.0045060539350579,0.06708472414258655,0.07213930348258706,0.004485840495839473,0.1952955187811196
"frozenset({np.str_('Bread'), np.str_('Tea')})",frozenset({np.str_('Butter')}),0.08227848101265822,0.28970080552359034,0.025028768699654775,0.3041958041958042,1.0500343747612864,1.0,0.001192626473030256,1.0208320081419757,0.05192231470471667,0.07213930348258706,0.02040689160980779,0.1952955187811196
frozenset({np.str_('Butter')}),"frozenset({np.str_('Bread'), np.str_('Juice')})",0.28970080552359034,0.08716915995397008,0.026467203682393557,0.0913604766633565,1.0480825639664264,1.0,0.0012142278269137302,1.0046127387173247,0.06458784580978036,0.0755336617405583,0.0045915590550983975,0.19749541984983007
"frozenset({np.str_('Bread'), np.str_('Juice')})",frozenset({np.str_('Butter')}),0.08716915995397008,0.28970080552359034,0.026467203682393557,0.30363036303630364,1.0480825639664264,1.0,0.0012142278269137302,1.0200031086556973,0.050257608353087846,0.0755336617405583,0.01961083107095643,0.19749541984983007
"frozenset({np.str_('Milk'), np.str_('Apples')})",frozenset({np.str_('Bread')}),0.09867663981588032,0.29516685845799767,0.03049482163406214,0.3090379008746356,1.0469939019885317,1.0,0.001368747856417378,1.0200749685607882,0.04979855343904527,0.08392715756136185,0.019679895281727956,0.20617587051529052
frozenset({np.str_('Bread')}),"frozenset({np.str_('Milk'), np.str_('Apples')})",0.29516685845799767,0.09867663981588032,0.03049482163406214,0.10331384015594543,1.0469939019885315,1.0,0.001368747856417378,1.0051714864662031,0.06368117058144034,0.08392715756136185,0.005144879789998825,0.20617587051529052
"frozenset({np.str_('Cheese'), np.str_('Butter')})",frozenset({np.str_('Coffee')}),0.07968929804372843,0.3173187571921749,0.026467203682393557,0.33212996389891697,1.0466761146986723,1.0,0.001180294665640836,1.0221767797717165,0.048456039251396466,0.07142857142857144,0.021695640334022527,0.20776942437919557
frozenset({np.str_('Coffee')}),"frozenset({np.str_('Cheese'), np.str_('Butter')})",0.3173187571921749,0.07968929804372843,0.026467203682393557,0.08340888485947417,1.0466761146986723,1.0,0.001180294665640836,1.004058065536862,0.06532274317961116,0.07142857142857144,0.004041664198665899,0.20776942437919557
frozenset({np.str_('Apples')}),"frozenset({np.str_('Juice'), np.str_('Coffee')})",0.3147295742232451,0.0857307249712313,0.02819332566168009,0.08957952468007313,1.044894052979645,1.0,0.0012113310936343394,1.0042274968689486,0.06269812710978608,0.07573415765069552,0.004209700373799311,0.20921929254137883
"frozenset({np.str_('Juice'), np.str_('Coffee')})",frozenset({np.str_('Apples')}),0.0857307249712313,0.3147295742232451,0.02819332566168009,0.32885906040268453,1.0448940529796449,1.0,0.0012113310936343394,1.0210529344073647,0.046994002132004546,0.07573415765069552,0.02061884717033227,0.20921929254137883
frozenset({np.str_('Coffee')}),"frozenset({np.str_('Bananas'), np.str_('Eggs')})",0.3173187571921749,0.0929228998849252,0.030782508630609898,0.09700815956482323,1.0439639710443513,1.0,0.0012963295244325414,1.004524137978843,0.06168696905608673,0.08112206216830933,0.004503762336608157,0.21413875470501223
"frozenset({np.str_('Bananas'), np.str_('Eggs')})",frozenset({np.str_('Coffee')}),0.0929228998849252,0.3173187571921749,0.030782508630609898,0.33126934984520123,1.0439639710443513,1.0,0.0012963295244325414,1.0208613029024423,0.04642663418017564,0.08112206216830933,0.02043500213313087,0.21413875470501223
frozenset({np.str_('Juice')}),"frozenset({np.str_('Bread'), np.str_('Tea')})",0.2885500575373993,0.08227848101265822,0.02474108170310702,0.08574277168494517,1.0421044558631798,1.0,0.0009996212728146728,1.003789185980702,0.056790077017839266,0.0714879467996675,0.0037748822498023245,0.19322103619212294
"frozenset({np.str_('Bread'), np.str_('Tea')})",frozenset({np.str_('Juice')}),0.08227848101265822,0.2885500575373993,0.02474108170310702,0.30069930069930073,1.0421044558631798,1.0,0.0009996212728146728,1.017373417721519,0.044025661587810815,0.0714879467996675,0.017076736445923703,0.19322103619212294
frozenset({np.str_('Juice')}),"frozenset({np.str_('Butter'), np.str_('Tea')})",0.2885500575373993,0.08342922899884925,0.025028768699654775,0.08673978065802591,1.039680957128614,1.0,0.0009552598717359612,1.0036249817840113,0.053646043941231986,0.07213930348258706,0.0036118887530753583,0.19336989032901294
"frozenset({np.str_('Butter'), np.str_('Tea')})",frozenset({np.str_('Juice')}),0.08342922899884925,0.2885500575373993,0.025028768699654775,0.3,1.039680957128614,1.0,0.0009552598717359612,1.016357060660858,0.04164051056706425,0.07213930348258706,0.016093813182369566,0.19336989032901294
"frozenset({np.str_('Milk'), np.str_('Bread')})",frozenset({np.str_('Apples')}),0.09321058688147296,0.3147295742232451,0.03049482163406214,0.3271604938271605,1.0394971449206671,1.0,0.0011586933117573618,1.0184753117049017,0.04190211665549282,0.08079268292682927,0.01814016647489922,0.21202631638341574
frozenset({np.str_('Apples')}),"frozenset({np.str_('Milk'), np.str_('Bread')})",0.3147295742232451,0.09321058688147296,0.03049482163406214,0.09689213893967094,1.0394971449206671,1.0,0.0011586933117573618,1.0040765363883286,0.05544730130063534,0.08079268292682927,0.0040599857088503095,0.21202631638341574
"frozenset({np.str_('Eggs'), np.str_('Bread')})",frozenset({np.str_('Milk')}),0.0857307249712313,0.31329113924050633,0.027905638665132335,0.32550335570469796,1.0389804081079248,1.0,0.0010469621709807558,1.0181056741608414,0.04103598839962882,0.0751937984496124,0.017783688491633892,0.20728794966134806
frozenset({np.str_('Milk')}),"frozenset({np.str_('Eggs'), np.str_('Bread')})",0.31329113924050633,0.0857307249712313,0.027905638665132335,0.08907254361799816,1.0389804081079248,1.0,0.0010469621709807558,1.0036685892200898,0.05463442443821549,0.0751937984496124,0.0036551798666336066,0.20728794966134806
frozenset({np.str_('Bananas')}),frozenset({np.str_('Apples')}),0.3092635212888377,0.3147295742232451,0.10097813578826237,0.32651162790697674,1.0374354831852388,1.0,0.0036437594102449733,1.017494071422668,0.05224081608921267,0.19306930693069305,0.01719329076601645,0.32367628927341524
frozenset({np.str_('Apples')}),frozenset({np.str_('Bananas')}),0.3147295742232451,0.3092635212888377,0.10097813578826237,0.32084095063985374,1.0374354831852388,1.0,0.0036437594102449733,1.0170467129340666,0.05265751445432394,0.19306930693069305,0.016760993096264762,0.32367628927341524
"frozenset({np.str_('Cheese'), np.str_('Bread')})",frozenset({np.str_('Butter')}),0.08429228998849252,0.28970080552359034,0.02531645569620253,0.3003412969283277,1.0367292434189344,1.0,0.0008969113871081791,1.0152081169833562,0.03868920115385712,0.07260726072607261,0.014980294905980946,0.19386478947707347
frozenset({np.str_('Butter')}),"frozenset({np.str_('Cheese'), np.str_('Bread')})",0.28970080552359034,0.08429228998849252,0.02531645569620253,0.08738828202581926,1.0367292434189344,1.0,0.0008969113871081791,1.0033924526459066,0.049877572811959175,0.07260726072607261,0.003380982821786919,0.19386478947707347
"frozenset({np.str_('Bananas'), np.str_('Apples')})",frozenset({np.str_('Milk')}),0.10097813578826237,0.31329113924050633,0.03279631760644419,0.3247863247863248,1.03669170335837,1.0,0.0011607624069569292,1.0170245153020347,0.03936842105263165,0.08597285067873305,0.016739532868565138,0.21473476018930565
frozenset({np.str_('Milk')}),"frozenset({np.str_('Bananas'), np.str_('Apples')})",0.31329113924050633,0.10097813578826237,0.03279631760644419,0.1046831955922865,1.03669170335837,1.0,0.0011607624069569292,1.0041382667964944,0.0515401406742664,0.08597285067873305,0.004121212121212127,0.21473476018930565
frozenset({np.str_('Bread')}),"frozenset({np.str_('Apples'), np.str_('Butter')})",0.29516685845799767,0.0903337169159954,0.02761795166858458,0.09356725146198831,1.035795433381756,1.0,0.0009544322336561342,1.003567318757192,0.04903061224489795,0.07717041800643087,0.003554638229560838,0.1996498677692107
"frozenset({np.str_('Apples'), np.str_('Butter')})",frozenset({np.str_('Bread')}),0.0903337169159954,0.29516685845799767,0.02761795166858458,0.3057324840764331,1.0357954333817558,1.0,0.0009544322336561342,1.015218378184352,0.037990196078431376,0.07717041800643087,0.01499025087742105,0.1996498677692107
frozenset({np.str_('Eggs')}),"frozenset({np.str_('Milk'), np.str_('Juice')})",0.2974683544303797,0.09177215189873418,0.02819332566168009,0.09477756286266925,1.0327486160208097,1.0,0.0008940146538287848,1.0033200800605864,0.045136973708402216,0.07808764940239044,0.0033090936048901826,0.2009937971053158
"frozenset({np.str_('Milk'), np.str_('Juice')})",frozenset({np.str_('Eggs')}),0.09177215189873418,0.2974683544303797,0.02819332566168009,0.3072100313479624,1.0327486160208097,1.0,0.0008940146538287848,1.0140615155507189,0.034914314157718784,0.07808764940239044,0.013866531107910444,0.2009937971053158
frozenset({np.str_('Tea')}),"frozenset({np.str_('Apples'), np.str_('Juice')})",0.2940161104718067,0.09004602991944764,0.027330264672036825,0.09295499021526418,1.0323052587484292,1.0,0.0008552811916928971,1.0032070738104903,0.04432719941663448,0.07661290322580644,0.003196821368402875,0.19823468360603463
"frozenset({np.str_('Apples'), np.str_('Juice')})",frozenset({np.str_('Tea')}),0.09004602991944764,0.2940161104718067,0.027330264672036825,0.3035143769968051,1.032305258748429,1.0,0.0008552811916928971,1.0136374193684612,0.034391067773765736,0.07661290322580644,0.013453942314952925,0.19823468360603463
"frozenset({np.str_('Apples'), np.str_('Bread')})",frozenset({np.str_('Milk')}),0.09436133486766399,0.31329113924050633,0.03049482163406214,0.3231707317073171,1.0315348608031536,1.0,0.0009322515331167784,1.0145968753563692,0.03375608352712711,0.08085430968726164,0.014386871979318878,0.2102538690676163
frozenset({np.str_('Milk')}),"frozenset({np.str_('Apples'), np.str_('Bread')})",0.31329113924050633,0.09436133486766399,0.03049482163406214,0.09733700642791553,1.0315348608031536,1.0,0.0009322515331167784,1.0032965476389766,0.04451786801147723,0.08085430968726164,0.003285716119261229,0.2102538690676163
frozenset({np.str_('Bananas')}),"frozenset({np.str_('Milk'), np.str_('Eggs')})",0.3092635212888377,0.09263521288837745,0.029344073647871116,0.09488372093023256,1.0242727141412682,1.0,0.0006953815146703811,1.002484220087353,0.03430760059125689,0.07876447876447877,0.0024780640309094394,0.20582695363281814
"frozenset({np.str_('Milk'), np.str_('Eggs')})",frozenset({np.str_('Bananas')}),0.09263521288837745,0.3092635212888377,0.029344073647871116,0.3167701863354037,1.0242727141412682,1.0,0.0006953815146703811,1.010987027931792,0.026116851306153387,0.07876447876447877,0.01086762503201308,0.20582695363281814
frozenset({np.str_('Juice')}),frozenset({np.str_('Bread')}),0.2885500575373993,0.29516685845799767,0.08716915995397008,0.3020937188434696,1.0234676088692987,1.0,0.001998745962781448,1.0099252013808977,0.03222926417186808,0.17555040556199306,0.009827659877510352,0.29870767813518506
frozenset({np.str_('Bread')}),frozenset({np.str_('Juice')}),0.29516685845799767,0.2885500575373993,0.08716915995397008,0.2953216374269006,1.0234676088692984,1.0,0.001998745962781448,1.0096094619178813,0.03253182461103255,0.17555040556199306,0.00951799906830022,0.29870767813518506
frozenset({np.str_('Tea')}),frozenset({np.str_('Apples')}),0.2940161104718067,0.3147295742232451,0.09464902186421174,0.3219178082191781,1.0228393979614836,1.0,0.002113456600645422,1.010600829933396,0.031628778026322586,0.18410744264129825,0.01048963113764193,0.31132453482256894
frozenset({np.str_('Apples')}),frozenset({np.str_('Tea')}),0.3147295742232451,0.2940161104718067,0.09464902186421174,0.3007312614259598,1.0228393979614836,1.0,0.002113456600645422,1.0096031047631941,0.03258481161905777,0.18410744264129825,0.009511762313217665,0.31132453482256894
"frozenset({np.str_('Juice'), np.str_('Butter')})",frozenset({np.str_('Apples')}),0.07968929804372843,0.3147295742232451,0.025604142692750288,0.32129963898916963,1.0208752697681478,1.0,0.0005235638492983585,1.0096803613838354,0.022219022096090293,0.06942277691107644,0.009587550430878956,0.2013262363135976
frozenset({np.str_('Apples')}),"frozenset({np.str_('Juice'), np.str_('Butter')})",0.3147295742232451,0.07968929804372843,0.025604142692750288,0.08135283363802559,1.0208752697681478,1.0,0.0005235638492983585,1.001810853671802,0.029839904150038978,0.06942277691107644,0.0018075804081828482,0.2013262363135976
frozenset({np.str_('Juice')}),frozenset({np.str_('Tea')}),0.2885500575373993,0.2940161104718067,0.08659378596087457,0.3000997008973081,1.0206913506057171,1.0,0.0017554203673123825,1.0086920814768916,0.028493779328374054,0.1745939675174014,0.008617180244108725,0.29731012442125676
frozenset({np.str_('Tea')}),frozenset({np.str_('Juice')}),0.2940161104718067,0.2885500575373993,0.08659378596087457,0.29452054794520544,1.020691350605717,1.0,0.0017554203673123825,1.0084630252382494,0.028714391311764068,0.1745939675174014,0.008392003500822509,0.29731012442125676
frozenset({np.str_('Bread')}),"frozenset({np.str_('Milk'), np.str_('Eggs')})",0.29516685845799767,0.09263521288837745,0.027905638665132335,0.09454191033138402,1.0205828581114622,1.0,0.0005627938942821473,1.0021057821060546,0.028613507258573572,0.07753796962430057,0.0021013571058626675,0.19789207317811436
"frozenset({np.str_('Milk'), np.str_('Eggs')})",frozenset({np.str_('Bread')}),0.09263521288837745,0.29516685845799767,0.027905638665132335,0.3012422360248447,1.0205828581114622,1.0,0.0005627938942821473,1.00869454034011,0.02222672567644428,0.07753796962430057,0.008619596907085794,0.19789207317811436
"frozenset({np.str_('Milk'), np.str_('Cheese')})",frozenset({np.str_('Coffee')}),0.08889528193325662,0.3173187571921749,0.028768699654775604,0.32362459546925565,1.0198722519049255,1.0,0.0005605592714666152,1.009322985778076,0.0213861698768551,0.07621951219512195,0.009236870565163383,0.20714321341912464
frozenset({np.str_('Coffee')}),"frozenset({np.str_('Milk'), np.str_('Cheese')})",0.3173187571921749,0.08889528193325662,0.028768699654775604,0.09066183136899365,1.0198722519049253,1.0,0.0005605592714666152,1.001942675999619,0.028541930046354868,0.07621951219512195,0.0019389093270040848,0.20714321341912464
frozenset({np.str_('Butter')}),"frozenset({np.str_('Bread'), np.str_('Coffee')})",0.28970080552359034,0.08889528193325662,0.0261795166858458,0.0903674280039722,1.0165604522388587,1.0,0.0004264819025346922,1.001618396389968,0.022934942740532097,0.07428571428571427,0.0016157814151586218,0.19243290494049742
"frozenset({np.str_('Bread'), np.str_('Coffee')})",frozenset({np.str_('Butter')}),0.08889528193325662,0.28970080552359034,0.0261795166858458,0.29449838187702265,1.0165604522388587,1.0,0.0004264819025346922,1.0068002343725255,0.01788013060510696,0.07428571428571427,0.006754303525528841,0.19243290494049742
frozenset({np.str_('Butter')}),"frozenset({np.str_('Apples'), np.str_('Coffee')})",0.28970080552359034,0.09867663981588032,0.02905638665132336,0.10029791459781529,1.016430178256577,1.0,0.000469684610301644,1.001802012919877,0.02275743977799966,0.08086469175340272,0.0017987715103753416,0.1973792779986161
"frozenset({np.str_('Apples'), np.str_('Coffee')})",frozenset({np.str_('Butter')}),0.09867663981588032,0.28970080552359034,0.02905638665132336,0.2944606413994169,1.016430178256577,1.0,0.000469684610301644,1.006746378947969,0.017934286247009622,0.08086469175340272,0.006701170313638376,0.1973792779986161
frozenset({np.str_('Bread')}),"frozenset({np.str_('Butter'), np.str_('Tea')})",0.29516685845799767,0.08342922899884925,0.025028768699654775,0.08479532163742691,1.0163742690058482,1.0,0.00040322527249156415,1.0014926635220243,0.02285714285714301,0.07078925956061839,0.0014904387983979766,0.19239766081871346
"frozenset({np.str_('Butter'), np.str_('Tea')})",frozenset({np.str_('Bread')}),0.08342922899884925,0.29516685845799767,0.025028768699654775,0.3,1.016374269005848,1.0,0.00040322527249156415,1.0069044879171463,0.017576898932831254,0.07078925956061839,0.0068571428571428785,0.19239766081871346
"frozenset({np.str_('Bananas'), np.str_('Juice')})",frozenset({np.str_('Eggs')}),0.08659378596087457,0.2974683544303797,0.0261795166858458,0.3023255813953489,1.0163285502226622,1.0,0.00042060567216792646,1.0069620253164557,0.017589339794064397,0.07315112540192927,0.006913890634820956,0.19516665916962803
frozenset({np.str_('Eggs')}),"frozenset({np.str_('Bananas'), np.str_('Juice')})",0.2974683544303797,0.08659378596087457,0.0261795166858458,0.08800773694390716,1.0163285502226622,1.0,0.00042060567216792646,1.0015503980026041,0.022869022869023124,0.07315112540192927,0.00154799798961301,0.19516665916962803
frozenset({np.str_('Tea')}),frozenset({np.str_('Cheese')}),0.2940161104718067,0.29948216340621403,0.08947065592635213,0.3043052837573385,1.0161048668016415,1.0,0.0014180750859750374,1.0069328115314335,0.022450386140352153,0.17751141552511415,0.006885078579264346,0.3015282422629152
frozenset({np.str_('Cheese')}),frozenset({np.str_('Tea')}),0.29948216340621403,0.2940161104718067,0.08947065592635213,0.2987512007684918,1.0161048668016412,1.0,0.0014180750859750374,1.0067523684915742,0.022625563691344636,0.17751141552511415,0.006707079817146484,0.3015282422629152
frozenset({np.str_('Juice')}),"frozenset({np.str_('Eggs'), np.str_('Tea')})",0.2885500575373993,0.08342922899884925,0.024453394706559262,0.0847457627118644,1.0157802454704852,1.0,0.00037988587864044854,1.0014384349827388,0.021835826930853203,0.07036423841059603,0.0014363688595231262,0.18892460549386322
"frozenset({np.str_('Eggs'), np.str_('Tea')})",frozenset({np.str_('Juice')}),0.08342922899884925,0.2885500575373993,0.024453394706559262,0.29310344827586204,1.015780245470485,1.0,0.00037988587864044854,1.0064413820202645,0.016949152542372864,0.07036423841059603,0.006400156169387964,0.18892460549386322
frozenset({np.str_('Apples')}),frozenset({np.str_('Bread')}),0.3147295742232451,0.29516685845799767,0.09436133486766399,0.2998171846435101,1.0157549062581297,1.0,0.0014635951803655262,1.0066415885730426,0.022634187299052057,0.18303571428571427,0.006597768906465786,0.30975264690265175
frozenset({np.str_('Bread')}),frozenset({np.str_('Apples')}),0.29516685845799767,0.3147295742232451,0.09436133486766399,0.3196881091617934,1.0157549062581297,1.0,0.0014635951803655262,1.007288620124571,0.022005973120955917,0.18303571428571427,0.007235880540047826,0.30975264690265175
frozenset({np.str_('Juice')}),frozenset({np.str_('Milk')}),0.2885500575373993,0.31329113924050633,0.09177215189873418,0.3180458624127617,1.015176692145785,1.0,0.0013719756449286913,1.0069722037160413,0.02101314890472264,0.17992103778905813,0.006923928674805088,0.3054875776710273
frozenset({np.str_('Milk')}),frozenset({np.str_('Juice')}),0.31329113924050633,0.2885500575373993,0.09177215189873418,0.29292929292929293,1.0151766921457848,1.0,0.0013719756449286913,1.0061934900542495,0.021770220880343142,0.17992103778905813,0.006155366850878362,0.3054875776710273
"frozenset({np.str_('Bananas'), np.str_('Tea')})",frozenset({np.str_('Apples')}),0.08918296892980437,0.3147295742232451,0.028481012658227847,0.3193548387096774,1.0146959957539659,1.0,0.00041249481898561827,1.0067954122786447,0.01590127427145739,0.07586206896551724,0.00674954632864764,0.20492422008610012
frozenset({np.str_('Apples')}),"frozenset({np.str_('Bananas'), np.str_('Tea')})",0.3147295742232451,0.08918296892980437,0.028481012658227847,0.09049360146252285,1.0146959957539659,1.0,0.00041249481898561827,1.0014410371766773,0.021134943049300626,0.07586206896551724,0.0014389635766675333,0.20492422008610012
frozenset({np.str_('Bananas')}),"frozenset({np.str_('Eggs'), np.str_('Juice')})",0.3092635212888377,0.08342922899884925,0.0261795166858458,0.08465116279069769,1.0146463512429833,1.0,0.00037789954724886873,1.001334937831542,0.02089788595411274,0.07142857142857144,0.0013331581482941574,0.19922213311948678
"frozenset({np.str_('Eggs'), np.str_('Juice')})",frozenset({np.str_('Bananas')}),0.08342922899884925,0.3092635212888377,0.0261795166858458,0.3137931034482759,1.0146463512429833,1.0,0.00037789954724886873,1.006600898624307,0.015748846257320998,0.07142857142857144,0.006557612489049167,0.19922213311948678
frozenset({np.str_('Milk')}),"frozenset({np.str_('Juice'), np.str_('Butter')})",0.31329113924050633,0.07968929804372843,0.02531645569620253,0.0808080808080808,1.0140393100681908,1.0,0.000350504726806599,1.0012171372930865,0.020161290322580502,0.06885758998435054,0.001215657670799889,0.19924880574700066
"frozenset({np.str_('Juice'), np.str_('Butter')})",frozenset({np.str_('Milk')}),0.07968929804372843,0.31329113924050633,0.02531645569620253,0.31768953068592054,1.0140393100681908,1.0,0.000350504726806599,1.006446319737459,0.01504376367614869,0.06885758998435054,0.006405030860603177,0.19924880574700066
frozenset({np.str_('Coffee')}),"frozenset({np.str_('Apples'), np.str_('Butter')})",0.3173187571921749,0.0903337169159954,0.02905638665132336,0.0915684496826836,1.0136685703726376,1.0,0.0003918038669899551,1.0013591918579412,0.01975191198007295,0.07674772036474165,0.001357346963000692,0.20661225031904878
"frozenset({np.str_('Apples'), np.str_('Butter')})",frozenset({np.str_('Coffee')}),0.0903337169159954,0.3173187571921749,0.02905638665132336,0.321656050955414,1.0136685703726374,1.0,0.0003918038669899551,1.006393944796512,0.014823303962274862,0.07674772036474165,0.0063533220063291705,0.20661225031904878
frozenset({np.str_('Apples')}),frozenset({np.str_('Cheese')}),0.3147295742232451,0.29948216340621403,0.09551208285385501,0.303473491773309,1.0133274326647668,1.0,0.0012561890775609624,1.0057303323275617,0.01919263957593627,0.18413754853022743,0.005697682712124089,0.3111988016023125
frozenset({np.str_('Cheese')}),frozenset({np.str_('Apples')}),0.29948216340621403,0.3147295742232451,0.09551208285385501,0.31892411143131605,1.0133274326647665,1.0,0.0012561890775609624,1.0061586928541635,0.018774894238143814,0.18413754853022743,0.006120995522776916,0.3111988016023125
frozenset({np.str_('Cheese')}),"frozenset({np.str_('Eggs'), np.str_('Tea')})",0.29948216340621403,0.08342922899884925,0.02531645569620253,0.08453410182516811,1.013243234290636,1.0,0.0003308897043147116,1.001206896759914,0.018657830875490156,0.07079646017699116,0.0012054419159712438,0.19399118884361854
"frozenset({np.str_('Eggs'), np.str_('Tea')})",frozenset({np.str_('Cheese')}),0.08342922899884925,0.29948216340621403,0.02531645569620253,0.30344827586206896,1.0132432342906357,1.0,0.0003308897043147116,1.005693923822762,0.014259829937796148,0.07079646017699116,0.005661686610493528,0.19399118884361854
frozenset({np.str_('Milk')}),frozenset({np.str_('Bananas')}),0.31329113924050633,0.3092635212888377,0.0981012658227848,0.3131313131313131,1.0125064599483204,1.0,0.0012117449126742563,1.0056310498883099,0.01798721569793378,0.1870543060888645,0.005599518719052231,0.31517030772844723
frozenset({np.str_('Bananas')}),frozenset({np.str_('Milk')}),0.3092635212888377,0.31329113924050633,0.0981012658227848,0.3172093023255814,1.0125064599483204,1.0,0.0012117449126742563,1.0057384541096126,0.017882333973747576,0.1870543060888645,0.0057057121423213265,0.31517030772844723
"frozenset({np.str_('Butter'), np.str_('Coffee')})",frozenset({np.str_('Apples')}),0.09119677790563867,0.3147295742232451,0.02905638665132336,0.31861198738170343,1.0123357112786118,1.0,0.00035406357054985557,1.0056978007927375,0.013408178424680048,0.07709923664122137,0.005665519789589068,0.20546687120456286
frozenset({np.str_('Apples')}),"frozenset({np.str_('Butter'), np.str_('Coffee')})",0.3147295742232451,0.09119677790563867,0.02905638665132336,0.0923217550274223,1.0123357112786118,1.0,0.00035406357054985557,1.001239400776668,0.017781878943561827,0.07709923664122137,0.0012378665638872826,0.20546687120456286
"frozenset({np.str_('Milk'), np.str_('Bread')})",frozenset({np.str_('Butter')}),0.09321058688147296,0.28970080552359034,0.027330264672036825,0.2932098765432099,1.0121127416724902,1.0,0.0003270825691475063,1.0049647991718633,0.013197969543147208,0.07686084142394821,0.004940271714944344,0.19377474959235969
frozenset({np.str_('Butter')}),"frozenset({np.str_('Milk'), np.str_('Bread')})",0.28970080552359034,0.09321058688147296,0.027330264672036825,0.09433962264150944,1.0121127416724902,1.0,0.0003270825691475063,1.001246643651707,0.016848926690968002,0.07686084142394821,0.0012450914663346445,0.19377474959235969
frozenset({np.str_('Milk')}),frozenset({np.str_('Butter')}),0.31329113924050633,0.28970080552359034,0.09177215189873418,0.29292929292929293,1.0111442127330905,1.0,0.0010114564973561918,1.0045660036166366,0.016049578897187333,0.17951603826674173,0.004545249988749366,0.3048559076364439
frozenset({np.str_('Butter')}),frozenset({np.str_('Milk')}),0.28970080552359034,0.31329113924050633,0.09177215189873418,0.31678252234359483,1.0111442127330905,1.0,0.0010114564973561918,1.0051102075360612,0.015516543065040973,0.17951603826674173,0.005084226085603525,0.3048559076364439
"frozenset({np.str_('Apples'), np.str_('Bread')})",frozenset({np.str_('Butter')}),0.09436133486766399,0.28970080552359034,0.02761795166858458,0.2926829268292683,1.0102937970789836,1.0,0.00028139694714107016,1.0042161025356138,0.01125052943667925,0.0774818401937046,0.004198401643797688,0.194007799065081
frozenset({np.str_('Butter')}),"frozenset({np.str_('Apples'), np.str_('Bread')})",0.28970080552359034,0.09436133486766399,0.02761795166858458,0.09533267130089373,1.0102937970789836,1.0,0.00028139694714107016,1.001073694608411,0.014344538949642075,0.0774818401937046,0.0010725430247479672,0.194007799065081
frozenset({np.str_('Eggs')}),frozenset({np.str_('Bananas')}),0.2974683544303797,0.3092635212888377,0.0929228998849252,0.3123791102514507,1.0100742206828304,1.0,0.0009267891217899366,1.0045309690398618,0.014196859398097996,0.18085106382978725,0.004510531959201482,0.30642211326526025
frozenset({np.str_('Bananas')}),frozenset({np.str_('Eggs')}),0.3092635212888377,0.2974683544303797,0.0929228998849252,0.3004651162790698,1.0100742206828304,1.0,0.0009267891217899366,1.0042839348235928,0.01443928806753657,0.18085106382978725,0.004265661009847137,0.30642211326526025
frozenset({np.str_('Juice')}),"frozenset({np.str_('Bread'), np.str_('Butter')})",0.2885500575373993,0.09090909090909091,0.026467203682393557,0.09172482552342971,1.0089730807577268,1.0,0.00023538026990270813,1.0008981139606825,0.012500219764763724,0.0749796251018745,0.0008973080757726806,0.1914320330148794
"frozenset({np.str_('Bread'), np.str_('Butter')})",frozenset({np.str_('Juice')}),0.09090909090909091,0.2885500575373993,0.026467203682393557,0.2911392405063291,1.0089730807577268,1.0,0.00023538026990270813,1.0036525974025974,0.009782608695652117,0.0749796251018745,0.00363930448847552,0.1914320330148794
frozenset({np.str_('Bread')}),"frozenset({np.str_('Milk'), np.str_('Butter')})",0.29516685845799767,0.09177215189873418,0.027330264672036825,0.0925925925925926,1.0089399744572158,1.0,0.00024216690215729184,1.0009041591320071,0.01257142857142875,0.07600000000000001,0.0009033423667570069,0.19519911761291073
"frozenset({np.str_('Milk'), np.str_('Butter')})",frozenset({np.str_('Bread')}),0.09177215189873418,0.29516685845799767,0.027330264672036825,0.29780564263322884,1.0089399744572158,1.0,0.00024216690215729184,1.0037579113924051,0.009756097560975752,0.07600000000000001,0.0037438423645320567,0.19519911761291073
frozenset({np.str_('Milk')}),frozenset({np.str_('Tea')}),0.31329113924050633,0.2940161104718067,0.0929228998849252,0.29660238751147844,1.0087963786593923,1.0,0.0008102576801503197,1.003676835112536,0.012697778602102888,0.18064876957494405,0.003663365521556216,0.3063246771216883
frozenset({np.str_('Tea')}),frozenset({np.str_('Milk')}),0.2940161104718067,0.31329113924050633,0.0929228998849252,0.31604696673189825,1.0087963786593923,1.0,0.0008102576801503197,1.0040292642291881,0.012351099235215808,0.18064876957494405,0.004013094411427859,0.3063246771216883
frozenset({np.str_('Apples')}),"frozenset({np.str_('Eggs'), np.str_('Tea')})",0.3147295742232451,0.08342922899884925,0.026467203682393557,0.08409506398537478,1.0079808359074578,1.0,0.00020955796181211864,1.0007269695361867,0.011554046654254833,0.07120743034055728,0.0007264414353932043,0.2006682216478598
"frozenset({np.str_('Eggs'), np.str_('Tea')})",frozenset({np.str_('Apples')}),0.08342922899884925,0.3147295742232451,0.026467203682393557,0.31724137931034485,1.0079808359074578,1.0,0.00020955796181211864,1.0036789064407017,0.008638336199132143,0.07120743034055728,0.0036654216972118936,0.2006682216478598
frozenset({np.str_('Milk')}),frozenset({np.str_('Bread')}),0.31329113924050633,0.29516685845799767,0.09321058688147296,0.2975206611570248,1.0079744816586924,1.0,0.0007374255291255905,1.0033507073715564,0.011520737327189147,0.18090452261306533,0.00333951762523196,0.30665506742061766
frozenset({np.str_('Bread')}),frozenset({np.str_('Milk')}),0.29516685845799767,0.31329113924050633,0.09321058688147296,0.31578947368421056,1.0079744816586922,1.0,0.0007374255291255905,1.00365141187926,0.011224489795918566,0.18090452261306533,0.003638127577007083,0.30665506742061766
frozenset({np.str_('Milk')}),"frozenset({np.str_('Eggs'), np.str_('Bananas')})",0.31329113924050633,0.0929228998849252,0.029344073647871116,0.09366391184573003,1.0079744816586922,1.0,0.00023215248139138445,1.0008175907044747,0.011520737327188892,0.07786259541984733,0.0008169227959903487,0.20472669276497027
"frozenset({np.str_('Eggs'), np.str_('Bananas')})",frozenset({np.str_('Milk')}),0.0929228998849252,0.31329113924050633,0.029344073647871116,0.3157894736842105,1.0079744816586922,1.0,0.00023215248139138445,1.0036514118792599,0.008721852204249885,0.07786259541984733,0.003638127577007002,0.20472669276497027
frozenset({np.str_('Eggs')}),frozenset({np.str_('Cheese')}),0.2974683544303797,0.29948216340621403,0.08975834292289989,0.30174081237911027,1.0075418480593539,1.0,0.0006718765932033216,1.0032346856481644,0.01065488565488594,0.17697107203630177,0.0032242561929311385,0.30072631397053495
frozenset({np.str_('Cheese')}),frozenset({np.str_('Eggs')}),0.29948216340621403,0.2974683544303797,0.08975834292289989,0.2997118155619597,1.0075418480593539,1.0,0.0006718765932033216,1.0032036255664947,0.010685515716316823,0.17697107203630177,0.00319339512423095,0.30072631397053495
frozenset({np.str_('Apples')}),"frozenset({np.str_('Bananas'), np.str_('Bread')})",0.3147295742232451,0.08256616800920598,0.0261795166858458,0.08318098720292505,1.007446381593615,1.0,0.00019350178306348081,1.0006706003967383,0.01078602338048191,0.07054263565891473,0.0006701509932165228,0.20012707896731619
"frozenset({np.str_('Bananas'), np.str_('Bread')})",frozenset({np.str_('Apples')}),0.08256616800920598,0.3147295742232451,0.0261795166858458,0.3170731707317073,1.0074463815936148,1.0,0.00019350178306348081,1.0034316948873911,0.008056540511855727,0.07054263565891473,0.003419958632835717,0.20012707896731619
frozenset({np.str_('Eggs')}),"frozenset({np.str_('Bananas'), np.str_('Cheese')})",0.2974683544303797,0.0883199079401611,0.026467203682393557,0.08897485493230176,1.0074156213181789,1.0,0.0001948260039912053,1.0007189120911608,0.010477869173521531,0.07365892714171339,0.0007183956278576531,0.19432456101663947
"frozenset({np.str_('Bananas'), np.str_('Cheese')})",frozenset({np.str_('Eggs')}),0.0883199079401611,0.2974683544303797,0.026467203682393557,0.2996742671009772,1.0074156213181789,1.0,0.0001948260039912053,1.0031498380924344,0.008074142165269669,0.07365892714171339,0.003139947765354998,0.19432456101663947
"frozenset({np.str_('Milk'), np.str_('Bread')})",frozenset({np.str_('Eggs')}),0.09321058688147296,0.2974683544303797,0.027905638665132335,0.2993827160493827,1.006435513527712,1.0,0.00017843877001063463,1.002732392795405,0.007051651054476994,0.07692307692307693,0.002724947169391645,0.19659658046182868
frozenset({np.str_('Eggs')}),"frozenset({np.str_('Milk'), np.str_('Bread')})",0.2974683544303797,0.09321058688147296,0.027905638665132335,0.09381044487427466,1.006435513527712,1.0,0.00017843877001063463,1.000661956418951,0.009101885390545243,0.07692307692307693,0.000661518522518623,0.19659658046182868
frozenset({np.str_('Tea')}),"frozenset({np.str_('Eggs'), np.str_('Apples')})",0.2940161104718067,0.08947065592635213,0.026467203682393557,0.09001956947162426,1.0061351237407266,1.0,0.0001613894255662017,1.0006032146701807,0.00863718507494408,0.07413376309427881,0.0006028510216006091,0.1929197525814713
"frozenset({np.str_('Eggs'), np.str_('Apples')})",frozenset({np.str_('Tea')}),0.08947065592635213,0.2940161104718067,0.026467203682393557,0.2958199356913183,1.0061351237407263,1.0,0.0001613894255662017,1.0025615965446033,0.006696888522563277,0.07413376309427881,0.002555051533423946,0.1929197525814713
"frozenset({np.str_('Milk'), np.str_('Coffee')})",frozenset({np.str_('Cheese')}),0.09551208285385501,0.29948216340621403,0.028768699654775604,0.3012048192771084,1.0057521150885964,1.0,0.00016453445026954477,1.0024651799531765,0.006323155216284972,0.07855459544383345,0.0024591177853095867,0.19863314931194517
frozenset({np.str_('Cheese')}),"frozenset({np.str_('Milk'), np.str_('Coffee')})",0.29948216340621403,0.09551208285385501,0.028768699654775604,0.09606147934678194,1.0057521150885964,1.0,0.00016453445026954477,1.0006077808173612,0.008164271047227906,0.07855459544383345,0.0006074116442156506,0.19863314931194517
"frozenset({np.str_('Milk'), np.str_('Bananas')})",frozenset({np.str_('Eggs')}),0.0981012658227848,0.2974683544303797,0.029344073647871116,0.2991202346041056,1.0055531290946529,1.0,0.00016205153603006742,1.0023568666913827,0.006123151014791968,0.08012568735271014,0.0023513249319701453,0.1988831347101766
frozenset({np.str_('Eggs')}),"frozenset({np.str_('Milk'), np.str_('Bananas')})",0.2974683544303797,0.0981012658227848,0.029344073647871116,0.09864603481624759,1.0055531290946529,1.0,0.00016205153603006742,1.0006043896343781,0.007860801978449149,0.08012568735271014,0.0006040245681903163,0.1988831347101766
frozenset({np.str_('Apples')}),"frozenset({np.str_('Bananas'), np.str_('Eggs')})",0.3147295742232451,0.0929228998849252,0.029344073647871116,0.09323583180987204,1.0033676513037622,1.0,9.84889314993749e-05,1.0003451083930361,0.004897844948222745,0.07756653992395438,0.0003449893343213386,0.20451265274704128
"frozenset({np.str_('Bananas'), np.str_('Eggs')})",frozenset({np.str_('Apples')}),0.0929228998849252,0.3147295742232451,0.029344073647871116,0.3157894736842105,1.0033676513037622,1.0,9.84889314993749e-05,1.001549083827565,0.0037001797230150906,0.07756653992395438,0.001546687878386128,0.20451265274704128
"frozenset({np.str_('Cheese'), np.str_('Apples')})",frozenset({np.str_('Bananas')}),0.09551208285385501,0.3092635212888377,0.029631760644418872,0.31024096385542166,1.0031605491734379,1.0,9.335757540445203e-05,1.0014170783061391,0.003483287630623355,0.0789877300613497,0.0014150730368370596,0.20302745867189687
frozenset({np.str_('Bananas')}),"frozenset({np.str_('Cheese'), np.str_('Apples')})",0.3092635212888377,0.09551208285385501,0.029631760644418872,0.0958139534883721,1.0031605491734379,1.0,9.335757540445203e-05,1.000333858983648,0.004561206293494306,0.0789877300613497,0.00033374755902716155,0.20302745867189687
frozenset({np.str_('Apples')}),"frozenset({np.str_('Juice'), np.str_('Tea')})",0.3147295742232451,0.08659378596087457,0.027330264672036825,0.08683729433272395,1.0028120767460083,1.0,7.663928619195542e-05,1.000266664823627,0.004092094215387564,0.07307692307692308,0.00026659373245621187,0.20122595613646166
"frozenset({np.str_('Juice'), np.str_('Tea')})",frozenset({np.str_('Apples')}),0.08659378596087457,0.3147295742232451,0.027330264672036825,0.31561461794019935,1.0028120767460083,1.0,7.663928619195542e-05,1.0012931949456467,0.003070037297969505,0.07307692307692308,0.0012915247523648053,0.20122595613646166
frozenset({np.str_('Bananas')}),frozenset({np.str_('Coffee')}),0.3092635212888377,0.3173187571921749,0.09838895281933256,0.31813953488372093,1.0025866031331043,1.0,0.00025383659908286005,1.0012037326308485,0.0037350421729739638,0.18627450980392157,0.0012022854006801626,0.3141014990828396
frozenset({np.str_('Coffee')}),frozenset({np.str_('Bananas')}),0.3173187571921749,0.3092635212888377,0.09838895281933256,0.3100634632819583,1.0025866031331043,1.0,0.00025383659908286005,1.0011594428625652,0.003779113467050353,0.18627450980392157,0.0011581001116564157,0.3141014990828396
frozenset({np.str_('Apples')}),"frozenset({np.str_('Cheese'), np.str_('Juice')})",0.3147295742232451,0.08400460299194476,0.026467203682393557,0.08409506398537478,1.0010768575793245,1.0,2.8470749946041957e-05,1.000098766793226,0.001569744095207023,0.07109737248840804,9.875703930990806e-05,0.1995817785680299
"frozenset({np.str_('Cheese'), np.str_('Juice')})",frozenset({np.str_('Apples')}),0.08400460299194476,0.3147295742232451,0.026467203682393557,0.31506849315068497,1.0010768575793245,1.0,2.8470749946041957e-05,1.0004948216340621,0.0011743500109243495,0.07109737248840804,0.0004945769067090608,0.1995817785680299
frozenset({np.str_('Apples')}),frozenset({np.str_('Milk')}),0.3147295742232451,0.31329113924050633,0.09867663981588032,0.31352833638025596,1.0007571141026352,1.0,7.465295480035827e-05,1.0003455308533769,0.001104004034143214,0.18641304347826085,0.0003454115030455341,0.31424809840133094
frozenset({np.str_('Milk')}),frozenset({np.str_('Apples')}),0.31329113924050633,0.3147295742232451,0.09867663981588032,0.3149678604224059,1.0007571141026352,1.0,7.465295480035827e-05,1.0003478467438152,0.0011016914995094832,0.18641304347826085,0.00034772578853184524,0.31424809840133094
"frozenset({np.str_('Apples'), np.str_('Tea')})",frozenset({np.str_('Juice')}),0.09464902186421174,0.2885500575373993,0.027330264672036825,0.2887537993920973,1.0007060884216652,1.0,1.928396725996151e-05,1.0002864575649384,0.0007793554429448152,0.07679870654810024,0.0002863755305014574,0.19173482591738464
frozenset({np.str_('Juice')}),"frozenset({np.str_('Apples'), np.str_('Tea')})",0.2885500575373993,0.09464902186421174,0.027330264672036825,0.09471585244267199,1.000706088421665,1.0,1.928396725996151e-05,1.0000738227645327,0.0009917636793155414,0.07679870654810024,7.381731513435042e-05,0.19173482591738464
"frozenset({np.str_('Juice'), np.str_('Coffee')})",frozenset({np.str_('Bread')}),0.0857307249712313,0.29516685845799767,0.02531645569620253,0.2953020134228188,1.0004578934285753,1.0,1.1586933117577192e-05,1.000191791331032,0.0005006007208651931,0.07119741100323626,0.0001917545541707249,0.1905359969648207
frozenset({np.str_('Bread')}),"frozenset({np.str_('Juice'), np.str_('Coffee')})",0.29516685845799767,0.0857307249712313,0.02531645569620253,0.08576998050682262,1.0004578934285753,1.0,1.1586933117577192e-05,1.0000429383576936,0.0006493506493508504,0.07119741100323626,4.293651407030822e-05,0.1905359969648207
